[
    {
        "product_id":"101",
        "product_name":"Jeans",
        "product_quantity":"100",
        "product_price":"2999"
    },
    {
        "product_id":"102",
        "product_name":"Tops&Tees",
        "product_quantity":"200",
        "product_price":"499"
    },
    {
        "product_id":"103",
        "product_name":"Dreses",
        "product_quantity":"1000",
        "product_price":"2599"
    },
    {
        "product_id":"111",
        "product_name":"Shoes",
        "product_quantity":"1050",
        "product_price":"3 999"
    }
]